id,name,email,phone
1,Vin Bleything,vbleything0@paginegialle.it,849-656-8971
2,Ronalda Walters,rwalters1@example.com,176-936-5277
3,Leelah Kellett,lkellett2@wired.com,222-355-6326
4,Adelheid Gauvain,agauvain3@cnn.com,232-747-5237
5,,bposchel4@prlog.org,266-912-5572
6,Britt Klimaszewski,bklimaszewski5@cdbaby.com,359-114-8981
7,Jeanne Lindwall,jlindwall6@upenn.edu,405-244-0629
8,,salishoner7@smh.com.au,627-805-2769
9,Farrand Roset,froset8@archive.org,350-790-9695
10,Stevana Fasse,sfasse9@businesswire.com,931-337-4620
11,,mashalla@trellian.com,840-764-8852
12,Adelaide Ramsdale,aramsdaleb@geocities.com,359-162-9336
13,Giacinta Leetham,gleethamc@symantec.com,407-175-8068
14,Alidia Gammons,agammonsd@businesswire.com,302-944-1845
15,Sula Benjefield,sbenjefielde@wisc.edu,732-677-4418
16,Trey Guitton,tguittonf@amazon.co.jp,127-457-2046
17,,jmanderg@nydailynews.com,760-285-1073
18,Sanders Blanning,sblanningh@ucoz.ru,226-946-0478
19,Fanechka Biesinger,fbiesingeri@nymag.com,
20,Brittne Faldo,bfaldoj@umich.edu,287-231-8816
21,Mavis De'Vere - Hunt,mdeverek@shop-pro.jp,132-802-9496
22,Valery Kitteman,vkittemanl@hostgator.com,812-126-3406
23,Basil Mainson,bmainsonm@etsy.com,924-559-7656
24,Manda Deeble,mdeeblen@unesco.org,310-658-4834
25,Angelique Wandrey,awandreyo@redcross.org,580-483-2718
26,Cammi Rentoll,crentollp@booking.com,
27,Laina Steinham,lsteinhamq@naver.com,140-208-2707
28,Brandi Tamblingson,btamblingsonr@cargocollective.com,587-423-3254
29,Gretna Bustin,gbustins@cisco.com,106-526-8773
30,,elangrant@weather.com,892-532-2364
31,Josee Mylechreest,jmylechreestu@telegraph.co.uk,218-891-2169
32,Pernell Allred,pallredv@miitbeian.gov.cn,346-128-2934
33,,floddenw@arstechnica.com,676-743-0969
34,Mathilda Dust,mdustx@house.gov,931-307-5427
35,Cloris Blunt,cblunty@cdbaby.com,369-543-4981
36,,gyouniez@deviantart.com,165-816-0888
37,Byrle Myford,bmyford10@storify.com,813-385-3203
38,Alasteir Hounsom,ahounsom11@1688.com,679-128-2117
39,Meade Hailwood,mhailwood12@hc360.com,942-713-3900
40,Elbertine Lamonby,elamonby13@bigcartel.com,846-717-2851
41,Sholom Sheard,ssheard14@samsung.com,
42,Forest Ballantyne,fballantyne15@eepurl.com,584-712-0966
43,Bertha Winckworth,bwinckworth16@census.gov,350-176-0395
44,Ferguson Cromie,fcromie17@g.co,478-760-4337
45,Henka Piner,hpiner18@marriott.com,270-690-7579
46,Devon Pruckner,dpruckner19@pinterest.com,189-905-6176
47,Caril Dowdney,cdowdney1a@reference.com,787-927-5329
48,Barrie Stanwix,bstanwix1b@usda.gov,181-526-0183
49,Charlotta Tiley,ctiley1c@google.ca,100-687-1272
50,Susanne Ebunoluwa,sebunoluwa1d@dion.ne.jp,632-459-0473
51,Kathe Baurerich,kbaurerich1e@cisco.com,798-513-3996
52,,sbartol1f@twitpic.com,885-642-9250
53,Hobie Tesoe,htesoe1g@howstuffworks.com,450-547-0901
54,Eric Rozenzweig,erozenzweig1h@biblegateway.com,576-948-5930
55,Gustie Wales,gwales1i@vistaprint.com,508-773-6674
56,Lu Riglesford,lriglesford1j@census.gov,393-918-1696
57,Sigrid Huckleby,shuckleby1k@forbes.com,585-479-5106
58,Margi Cisson,mcisson1l@ox.ac.uk,531-226-1713
59,Sheelah Mockler,smockler1m@umn.edu,591-657-1450
60,Curtice Marquot,cmarquot1n@walmart.com,810-319-9518
61,Job Storrie,jstorrie1o@pcworld.com,967-917-7348
62,Katheryn Vasyaev,kvasyaev1p@chronoengine.com,942-648-5947
63,Kaja Overland,koverland1q@smh.com.au,
64,Karel Dilley,kdilley1r@surveymonkey.com,753-861-0614
65,Kirk Ferraron,kferraron1s@slideshare.net,195-179-8419
66,Delcina Learman,dlearman1t@smugmug.com,722-809-1602
67,Aurel Stiger,astiger1u@opensource.org,627-315-9140
68,Rochelle Gotts,rgotts1v@google.com,932-786-1476
69,Greta Fealey,gfealey1w@dagondesign.com,971-993-0101
70,Petronille Ferrieroi,pferrieroi1x@sohu.com,453-219-3637
71,Mallorie Gresley,mgresley1y@cmu.edu,505-616-4587
72,Verene Vickors,vvickors1z@ebay.co.uk,901-819-7538
73,Ramonda Jaynes,rjaynes20@reuters.com,175-335-9073
74,Zabrina Elijah,zelijah21@admin.ch,378-366-9519
75,Delora Stern,dstern22@elpais.com,989-581-3043
76,Alf Luc,aluc23@ihg.com,918-479-2825
77,Amery Stode,astode24@mtv.com,970-913-4336
78,Lilith Martland,lmartland25@businessweek.com,411-153-2604
79,Darrin Mackrell,dmackrell26@clickbank.net,263-449-6270
80,Arte Bracco,abracco27@xrea.com,769-229-3974
81,Collen Bucky,cbucky28@prnewswire.com,968-252-3340
82,Willis Fabler,wfabler29@columbia.edu,203-828-1582
83,Jacinda Davydoch,jdavydoch2a@latimes.com,187-805-8346
84,Paten Hastewell,phastewell2b@blogs.com,222-921-0977
85,Wright Dible,wdible2c@constantcontact.com,369-960-5822
86,Rosa Olivier,rolivier2d@dailymotion.com,562-256-6854
87,Arabele Blackbrough,ablackbrough2e@freewebs.com,769-388-7398
88,Maryellen Rosendorf,mrosendorf2f@imgur.com,291-409-2701
89,Elga Bastock,ebastock2g@163.com,785-312-1538
90,Minna Bordes,mbordes2h@abc.net.au,882-966-7570
91,Andrei Hains,ahains2i@icio.us,631-700-6629
92,Patrice Tolussi,ptolussi2j@reference.com,826-796-0220
93,Kailey Andreopolos,kandreopolos2k@taobao.com,170-978-4658
94,Tamra Scarsbrick,tscarsbrick2l@mysql.com,334-965-1321
95,Kimmie Cuesta,kcuesta2m@paginegialle.it,213-646-5901
96,Blanca Vedenyapin,bvedenyapin2n@booking.com,202-139-9937
97,Ed Ranyard,eranyard2o@vinaora.com,480-317-5284
98,Nichols Westhead,nwesthead2p@biblegateway.com,769-580-6913
99,Giffer Scotsbrook,gscotsbrook2q@ucoz.com,688-997-7128
100,Dorothy Calrow,dcalrow2r@chicagotribune.com,870-461-0064
101,Caria Hearty,chearty2s@phpbb.com,689-900-9572
102,,kmorfield2t@comsenz.com,214-344-9558
103,Kelly Arkcoll,karkcoll2u@behance.net,127-311-6573
104,Olin Rampton,orampton2v@usa.gov,952-191-6637
105,Dredi Enevoldsen,denevoldsen2w@pinterest.com,813-630-2047
106,Maggi Arnefield,marnefield2x@cornell.edu,833-537-9586
107,Felicio Merrington,fmerrington2y@amazon.de,301-956-1971
108,Katya Jerrim,kjerrim2z@vkontakte.ru,669-988-4871
109,Irvin Mauchlen,imauchlen30@businessinsider.com,859-452-4616
110,Iosep Pomfrey,ipomfrey31@slashdot.org,161-941-7681
111,Mercedes Bever,mbever32@youtube.com,999-183-2449
112,Min Paireman,mpaireman33@nifty.com,828-712-6552
113,Dorene Mewitt,dmewitt34@e-recht24.de,347-362-0748
114,Judie Ashton,jashton35@eepurl.com,206-915-7123
115,Bellanca Carme,bcarme36@myspace.com,316-268-6677
116,Rosana Fancott,rfancott37@squidoo.com,591-221-1959
117,Kain Zannuto,kzannuto38@domainmarket.com,642-658-8116
118,Hortensia Easman,heasman39@ning.com,441-777-1612
119,Janeta Lainge,jlainge3a@accuweather.com,714-111-0432
120,Donetta Verrills,dverrills3b@gnu.org,
121,Reilly O'Suaird,rosuaird3c@yelp.com,437-259-6873
122,Sallyanne Brickstock,sbrickstock3d@ed.gov,290-604-4664
123,Coop Helwig,chelwig3e@prweb.com,612-956-5205
124,Rosalie Yuryichev,ryuryichev3f@desdev.cn,276-666-2205
125,Saunderson Hindenberger,shindenberger3g@123-reg.co.uk,835-864-7485
126,Pierre Ladson,pladson3h@ebay.com,389-210-7287
127,Nefen Vardie,nvardie3i@bing.com,588-903-6004
128,Cybil Rumke,crumke3j@cocolog-nifty.com,805-465-0597
129,Warden Breadmore,wbreadmore3k@wikipedia.org,975-453-5243
130,Rosamund Grichukhanov,rgrichukhanov3l@yellowpages.com,248-261-1592
131,Ollie Welbeck,owelbeck3m@sciencedaily.com,782-851-8762
132,Renell Briffett,rbriffett3n@qq.com,596-359-5071
133,,cjancar3o@smh.com.au,160-977-5745
134,Syman Demke,sdemke3p@exblog.jp,595-671-4083
135,Sidonnie Klaassens,sklaassens3q@google.cn,500-809-7307
136,,mbarneville3r@npr.org,637-117-0995
137,Amalia Butrimovich,abutrimovich3s@altervista.org,324-970-0725
138,Andre Canario,acanario3t@google.pl,356-718-7872
139,Luis Chesnut,lchesnut3u@mit.edu,557-293-3800
140,Jodee Kersley,jkersley3v@paginegialle.it,823-626-0876
141,Freeland Balnaves,fbalnaves3w@sakura.ne.jp,526-456-3819
142,Jewell Gerrill,jgerrill3x@state.gov,118-835-1404
143,Jacinda Agostini,jagostini3y@umn.edu,139-249-9197
144,Kelly Baile,kbaile3z@techcrunch.com,802-123-2613
145,Tania Riccardi,triccardi40@shop-pro.jp,723-457-1831
146,Bryn Matevushev,bmatevushev41@ucla.edu,570-417-8163
147,Ariadne Hosten,ahosten42@networkadvertising.org,930-178-1697
148,Jeromy Lanning,jlanning43@ask.com,173-435-9902
149,Alexia Tringham,atringham44@upenn.edu,403-158-2753
150,Junie De Angelis,jde45@163.com,999-987-4151
151,Kara Duguid,kduguid46@acquirethisname.com,385-741-6283
152,Buckie Itscowicz,bitscowicz47@angelfire.com,361-495-4087
153,Fionnula Doody,fdoody48@chron.com,378-937-0090
154,Chauncey Maasze,cmaasze49@psu.edu,327-305-5678
155,Langsdon MacGilfoyle,lmacgilfoyle4a@bbb.org,415-495-4753
156,Gillan Lyles,glyles4b@gmpg.org,865-200-9799
157,Edmund Lukock,elukock4c@is.gd,148-262-9989
158,Petrina Eccott,peccott4d@themeforest.net,122-333-1187
159,Abelard Ianittello,aianittello4e@dropbox.com,233-754-2843
160,Nev Ricioppo,nricioppo4f@washingtonpost.com,124-897-5328
161,Archibald Wimpenny,awimpenny4g@ibm.com,641-855-0227
162,Bourke Dowdell,bdowdell4h@irs.gov,349-861-2269
163,Demeter Spatig,dspatig4i@earthlink.net,316-416-0492
164,Lolly Hrus,lhrus4j@unicef.org,403-810-2334
165,Jacinda Astley,jastley4k@hao123.com,365-851-7169
166,Brier Rauprich,brauprich4l@myspace.com,470-968-3246
167,Teresina Flory,tflory4m@mail.ru,847-307-1764
168,Benson Berridge,bberridge4n@tumblr.com,814-701-5626
169,Duke Gotter,dgotter4o@bravesites.com,513-504-9218
170,Royce Golley,rgolley4p@hhs.gov,448-205-8809
171,Teodor McCuis,tmccuis4q@symantec.com,616-993-5420
172,Shandeigh Siman,ssiman4r@businessweek.com,140-452-2330
173,Dell McIlvenny,dmcilvenny4s@joomla.org,830-694-9044
174,Nigel Gainforth,ngainforth4t@nba.com,908-575-6188
175,Angel Beaney,abeaney4u@auda.org.au,172-957-2141
176,,lolenov4v@tinyurl.com,516-327-4135
177,Isobel Barthropp,ibarthropp4w@exblog.jp,571-522-8193
178,Ruperta Pesselt,rpesselt4x@sina.com.cn,329-469-9290
179,Mikkel Lunge,mlunge4y@ning.com,794-307-2743
180,Vinnie Gambles,vgambles4z@youtube.com,412-111-7861
181,Roselin Woodham,rwoodham50@aol.com,869-670-3338
182,Matti Carrol,mcarrol51@linkedin.com,415-354-1352
183,Alecia Trotman,atrotman52@amazonaws.com,415-399-7128
184,Cari Ransbury,cransbury53@1688.com,793-578-2592
185,Pepi McGinlay,pmcginlay54@smugmug.com,253-396-4136
186,Jodie Prowting,jprowting55@sitemeter.com,958-445-8188
187,Zea Ditchfield,zditchfield56@telegraph.co.uk,693-432-0437
188,Patricio Allner,pallner57@cyberchimps.com,446-987-4212
189,Ardella Phettiplace,aphettiplace58@cmu.edu,409-508-8589
190,Letitia Bittlestone,lbittlestone59@purevolume.com,367-948-7485
191,Nonah Beazey,nbeazey5a@yahoo.com,385-764-7236
192,Veriee Gomes,vgomes5b@prlog.org,933-140-0888
193,Merridie Broderick,mbroderick5c@zimbio.com,390-113-2164
194,Fidelity Canizares,fcanizares5d@ezinearticles.com,435-909-7234
195,,rburehill5e@illinois.edu,966-531-9461
196,Jacquenette Wythill,jwythill5f@ihg.com,664-858-6792
197,Butch Byng,bbyng5g@wix.com,865-614-3523
198,Nonna Wootton,nwootton5h@soup.io,251-942-1532
199,Kristin Timlett,ktimlett5i@google.co.jp,941-702-9032
200,Prescott Tunnick,ptunnick5j@wikispaces.com,522-712-9219
201,Alic Shoutt,ashoutt5k@parallels.com,134-505-1772
202,Mora Kimm,mkimm5l@google.nl,894-817-9645
203,Berk Benoy,bbenoy5m@blogs.com,763-772-4967
204,Edita Lea,elea5n@wordpress.org,145-382-7654
205,Trula Cliff,tcliff5o@storify.com,822-339-9602
206,Claybourne Redwall,credwall5p@jalbum.net,651-165-2301
207,Melesa McHan,mmchan5q@hostgator.com,530-320-4917
208,Sindee MacRirie,smacririe5r@alexa.com,
209,Alva Gration,agration5s@hibu.com,172-245-8824
210,Merna Bernadzki,mbernadzki5t@1688.com,129-817-2057
211,Griselda Orsi,gorsi5u@ed.gov,377-453-3174
212,Gaby Akester,gakester5v@ca.gov,471-415-5255
213,Debee Firpo,dfirpo5w@hostgator.com,636-328-0535
214,Lesley Gery,lgery5x@nbcnews.com,868-580-6402
215,Cynthia Daulton,cdaulton5y@gov.uk,852-234-4787
216,Myrna Decreuze,mdecreuze5z@t-online.de,241-246-7184
217,Dallas Haslam,dhaslam60@about.me,188-148-9119
218,Garland Scarfe,gscarfe61@hao123.com,756-830-5172
219,Sela Gater,sgater62@livejournal.com,331-106-1357
220,Morgen Ferreras,mferreras63@fda.gov,397-729-3502
221,Fulvia Naris,fnaris64@umich.edu,900-610-9773
222,Kaela Sheircliffe,ksheircliffe65@sogou.com,764-583-9267
223,Lemar Knevett,lknevett66@booking.com,
224,Maureen Lamers,mlamers67@meetup.com,698-183-6705
225,Norry Gethin,ngethin68@squarespace.com,
226,,toborne69@washington.edu,
227,Massimo Schoffel,mschoffel6a@accuweather.com,162-974-6257
228,Robbin Verriour,rverriour6b@tripod.com,549-266-2158
229,Bidget Abade,babade6c@cisco.com,731-369-2707
230,Melitta Pietzker,mpietzker6d@aol.com,489-400-6813
231,Dorian Stanbra,dstanbra6e@baidu.com,919-807-0776
232,Dagmar Shimuk,dshimuk6f@amazon.co.uk,491-917-1395
233,Lonee Goodnow,lgoodnow6g@unicef.org,734-665-0187
234,Burch Conkling,bconkling6h@newsvine.com,883-430-4068
235,Corina Galfour,cgalfour6i@soundcloud.com,368-272-0227
236,Dennet Scolding,dscolding6j@sciencedaily.com,304-568-5692
237,Massimiliano Teague,mteague6k@mayoclinic.com,157-571-1762
238,Denny Stading,dstading6l@is.gd,121-800-3313
239,Cecilio Grimsditch,cgrimsditch6m@macromedia.com,712-525-2929
240,Bobbie Ellingham,bellingham6n@addthis.com,967-869-9621
241,Dan Goodrum,dgoodrum6o@nifty.com,985-156-2244
242,Jeanelle Nelthropp,jnelthropp6p@paypal.com,
243,Herb Spens,hspens6q@baidu.com,617-482-2284
244,Grissel Danelutti,gdanelutti6r@weebly.com,
245,Levon Lalor,llalor6s@boston.com,972-589-0587
246,Kennan Blayney,kblayney6t@jiathis.com,791-734-8840
247,Clement Jobbins,cjobbins6u@wikispaces.com,930-932-4334
248,Kristofer Hookes,khookes6v@vkontakte.ru,260-250-8865
249,Jeannie Rodgier,jrodgier6w@webnode.com,783-938-0177
250,Muriel Spiby,mspiby6x@ihg.com,207-909-6114
251,Samara Grogan,sgrogan6y@usnews.com,995-434-5285
252,Percy Johananoff,pjohananoff6z@posterous.com,
253,Marie-jeanne Delafont,mdelafont70@cpanel.net,216-834-7761
254,Rorke Cansdell,rcansdell71@cnet.com,983-109-6711
255,Barri Matelyunas,bmatelyunas72@seattletimes.com,173-481-3269
256,Benton Jervois,bjervois73@cnbc.com,861-350-0057
257,Pris Spoors,pspoors74@house.gov,352-518-3896
258,Jaimie Tainton,jtainton75@google.com.au,467-404-5428
259,,bmaron76@booking.com,572-914-6838
260,Melisande Parsonson,mparsonson77@columbia.edu,301-524-2340
261,Jervis Meas,jmeas78@vk.com,972-743-4342
262,Derk Brecher,dbrecher79@imageshack.us,511-684-6256
263,Esme Jones,ejones7a@discuz.net,995-524-8226
264,Jessy Forber,jforber7b@joomla.org,673-400-0029
265,Yves Rhelton,yrhelton7c@elpais.com,632-531-7209
266,Stuart Quarry,squarry7d@latimes.com,232-267-8991
267,Prue Cubley,pcubley7e@biglobe.ne.jp,482-359-5554
268,Ailis McCole,amccole7f@go.com,149-953-5636
269,Barr Stucke,bstucke7g@wix.com,297-924-2723
270,Julianne Newlands,jnewlands7h@chron.com,921-603-1711
271,Milena covino,mcovino7i@google.cn,161-935-5732
272,Lowrance Cowell,lcowell7j@globo.com,816-716-0868
273,Stephanus Grosvenor,sgrosvenor7k@businessweek.com,174-785-3329
274,Pebrook Demageard,pdemageard7l@webmd.com,146-236-1133
275,Ginnie Shawcroft,gshawcroft7m@cnbc.com,593-917-7118
276,Karleen D'Antoni,kdantoni7n@discovery.com,957-122-7509
277,Trudey Skouling,tskouling7o@creativecommons.org,596-270-6451
278,Dredi Fortun,dfortun7p@sakura.ne.jp,730-643-8630
279,Lance O'Hegertie,lohegertie7q@answers.com,680-967-6317
280,Margeaux Beeken,mbeeken7r@chron.com,207-359-4904
281,Austine Poyntz,apoyntz7s@unesco.org,871-966-1856
282,Nico Selwyne,nselwyne7t@chronoengine.com,757-639-8504
283,Hubie Heffer,hheffer7u@flickr.com,371-231-6417
284,Shaylyn Mikalski,smikalski7v@pcworld.com,505-207-3253
285,Gianina Mitchiner,gmitchiner7w@ning.com,354-798-9992
286,Rand Lackinton,rlackinton7x@pbs.org,315-467-9726
287,Dena Checklin,dchecklin7y@telegraph.co.uk,166-505-9188
288,Mitchael Loveland,mloveland7z@youtube.com,
289,Felicity Shillan,fshillan80@techcrunch.com,341-404-3419
290,Abra Feedham,afeedham81@berkeley.edu,423-164-1077
291,Carine Been,cbeen82@umich.edu,
292,Gale Dimeloe,gdimeloe83@blogs.com,637-312-1997
293,,hhenriksson84@google.pl,867-812-1743
294,Moises Jimson,mjimson85@java.com,310-679-9551
295,Viva Roughsedge,vroughsedge86@google.fr,811-959-0650
296,Hoebart McBrearty,hmcbrearty87@slashdot.org,742-339-1311
297,Lura Culvey,lculvey88@msn.com,863-861-3517
298,Carrol Cheeld,ccheeld89@smugmug.com,445-470-3989
299,Siegfried Corston,scorston8a@alexa.com,446-904-1611
300,Jocelyn Ridehalgh,jridehalgh8b@economist.com,878-577-4211
301,Poul Pflieger,ppflieger8c@mashable.com,172-668-2073
302,Keeley Iacoviello,kiacoviello8d@nationalgeographic.com,998-788-1716
303,Aguie Greenaway,agreenaway8e@trellian.com,524-272-3562
304,Trenton Chaves,tchaves8f@hao123.com,320-308-4824
305,,cyitzovitz8g@economist.com,109-379-1485
306,Willey Osanne,wosanne8h@edublogs.org,
307,Cary Healing,chealing8i@soup.io,279-638-2124
308,Marcellus Haslegrave,mhaslegrave8j@oracle.com,515-262-4677
309,Evelin McOrkill,emcorkill8k@qq.com,316-717-1080
310,Jenda Dranfield,jdranfield8l@google.nl,362-707-0407
311,Esmeralda Rein,erein8m@google.com.br,508-417-5902
312,Hollis Aylin,haylin8n@istockphoto.com,734-886-7782
313,,gstrickett8o@vistaprint.com,205-526-6579
314,Cherise Addionisio,caddionisio8p@apache.org,154-352-6972
315,Jillian MacFarlane,jmacfarlane8q@posterous.com,164-374-0946
316,Karlie Goschalk,kgoschalk8r@aol.com,276-570-5489
317,Isabeau Kernes,ikernes8s@wired.com,408-987-9025
318,Jamey Spitell,jspitell8t@webnode.com,413-375-2984
319,,bcumesky8u@google.es,788-927-0314
320,Hilde Saxon,hsaxon8v@google.com,774-457-1818
321,Collete Ninnis,cninnis8w@tuttocitta.it,865-143-1139
322,Portie Boshard,pboshard8x@dion.ne.jp,946-915-1731
323,Papageno Widdup,pwiddup8y@epa.gov,370-129-4874
324,Archy Wines,awines8z@hp.com,960-302-9223
325,Caspar Kirkam,ckirkam90@printfriendly.com,296-223-4640
326,Nicolais O'Curran,nocurran91@skype.com,454-391-8810
327,Tim Tooker,ttooker92@clickbank.net,582-501-1477
328,Mariele Gregg,mgregg93@facebook.com,235-318-5733
329,Bonnie Dumphreys,bdumphreys94@marketwatch.com,107-789-0515
330,Adiana Aveson,aaveson95@feedburner.com,424-667-0936
331,Vince Polgreen,vpolgreen96@tuttocitta.it,
332,Karia Cullon,kcullon97@oakley.com,
333,David Ladds,dladds98@tripadvisor.com,463-866-7215
334,Adham Polley,apolley99@devhub.com,339-766-8059
335,Gordan Heliar,gheliar9a@who.int,702-420-2590
336,Gabrielle Housen,ghousen9b@ed.gov,576-646-0450
337,,ggluyus9c@github.com,266-454-1904
338,Bogart Lethem,blethem9d@constantcontact.com,817-167-3233
339,Ashil Rule,arule9e@eepurl.com,160-769-5633
340,Stinky Gilbane,sgilbane9f@economist.com,576-733-2031
341,Waneta Lemary,wlemary9g@barnesandnoble.com,917-416-9328
342,Trudey Ellingworth,tellingworth9h@si.edu,
343,Gamaliel Waple,gwaple9i@amazon.co.uk,625-499-3975
344,Anissa Ghidotti,aghidotti9j@sciencedaily.com,473-390-8364
345,Merilee Bachelar,mbachelar9k@census.gov,801-708-6014
346,Larine Bredgeland,lbredgeland9l@hugedomains.com,487-187-1779
347,Max Crockett,mcrockett9m@dropbox.com,628-224-1375
348,Giselbert Smallpeice,gsmallpeice9n@tiny.cc,629-918-0967
349,Ernie Stobbie,estobbie9o@harvard.edu,936-621-9493
350,Kathryn Reddlesden,kreddlesden9p@parallels.com,707-275-6829
351,Heda Willimott,hwillimott9q@ycombinator.com,308-695-7881
352,Elwira Glasheen,eglasheen9r@xinhuanet.com,434-315-2836
353,Melvin Cliffe,mcliffe9s@technorati.com,
354,Patrick Keavy,pkeavy9t@cnn.com,241-311-6233
355,Linnet Moulden,lmoulden9u@weebly.com,811-566-0438
356,,lwickey9v@examiner.com,810-851-4701
357,Carmon Menghi,cmenghi9w@symantec.com,489-254-1417
358,Torrence Lewcock,tlewcock9x@webnode.com,431-270-9964
359,Isabelita Renihan,irenihan9y@cbc.ca,342-204-5264
360,Bryan Gleadhell,bgleadhell9z@163.com,534-883-8251
361,Nikola Ianelli,nianellia0@un.org,295-573-3801
362,Hilliary Noah,hnoaha1@japanpost.jp,452-773-1820
363,Winny Scandred,wscandreda2@ucoz.com,
364,Lucais Wincer,lwincera3@xinhuanet.com,806-626-4085
365,Rene Ellph,rellpha4@clickbank.net,852-781-5107
366,Clayborn Petren,cpetrena5@google.fr,437-726-5713
367,Saundra Haithwaite,shaithwaitea6@free.fr,461-295-1275
368,Giselle Kingcote,gkingcotea7@howstuffworks.com,732-106-3674
369,Alanah Ox,aoxa8@wp.com,507-921-7086
370,Hastings Sharpous,hsharpousa9@amazonaws.com,751-876-3415
371,Gaultiero Dewfall,gdewfallaa@ask.com,
372,Michaelina Franceschi,mfranceschiab@tripadvisor.com,662-916-8449
373,Fabe Petto,fpettoac@narod.ru,340-836-8481
374,Dyane Tooth,dtoothad@imageshack.us,989-237-1344
375,Cobbie Itzak,citzakae@marriott.com,412-508-7789
376,Bebe Mannock,bmannockaf@indiatimes.com,
377,Hilliard Yvens,hyvensag@cisco.com,144-273-6853
378,Cyrillus Sliman,cslimanah@ehow.com,931-484-8283
379,Fields Jankovic,fjankovicai@google.it,416-111-3025
380,Devan Saville,dsavilleaj@answers.com,516-751-1573
381,Andrei Batrop,abatropak@barnesandnoble.com,760-397-8933
382,Eziechiele Joscelin,ejoscelinal@free.fr,841-362-2773
383,Mallory Nuss,mnussam@cyberchimps.com,395-854-0334
384,Xylina Bracegirdle,xbracegirdlean@tripadvisor.com,481-344-5134
385,Domeniga Thorrold,dthorroldao@yolasite.com,628-231-8780
386,Adina Cadden,acaddenap@slashdot.org,
387,Gonzales Otham,gothamaq@myspace.com,489-836-0131
388,Bobinette Mountstephen,bmountstephenar@tripod.com,
389,,cyukhnevas@gnu.org,843-365-8063
390,Shalom Peters,spetersat@i2i.jp,464-576-0600
391,Aldon Gonin,agoninau@utexas.edu,422-173-5650
392,Dorie Gittings,dgittingsav@dropbox.com,552-342-5312
393,Alva Yuryshev,ayuryshevaw@fastcompany.com,896-806-6418
394,Alden Austwick,aaustwickax@skyrock.com,480-776-6155
395,Anne Smurthwaite,asmurthwaiteay@acquirethisname.com,126-869-5154
396,Aguistin Polino,apolinoaz@canalblog.com,460-751-6542
397,,mweddeburnscrimgeourb0@google.com,827-822-1739
398,Fredric Bryden,fbrydenb1@1688.com,604-357-9826
399,Ella Chstney,echstneyb2@plala.or.jp,756-984-1899
400,Damita Grunnill,dgrunnillb3@tamu.edu,971-716-3686
401,Nathaniel Tsar,ntsarb4@naver.com,847-664-4958
402,Donavon Killough,dkilloughb5@bloglines.com,305-561-7173
403,Vincenty Pape,vpapeb6@psu.edu,296-738-6119
404,,agniewoszb7@wikia.com,962-641-0159
405,Ambrosio Billo,abillob8@4shared.com,413-980-4065
406,Vernen Hewson,vhewsonb9@epa.gov,757-454-7806
407,Khalil Spincks,kspincksba@hubpages.com,204-870-5016
408,Sim Neilson,sneilsonbb@a8.net,127-204-3835
409,Kayley Chance,kchancebc@ucoz.com,356-537-8123
410,Mendel Blakelock,mblakelockbd@home.pl,167-873-3176
411,Lazarus Racine,lracinebe@msn.com,546-265-7969
412,Erhart Najera,enajerabf@dailymail.co.uk,155-308-9655
413,Sam Stoile,sstoilebg@dion.ne.jp,475-237-5910
414,Micky Brazur,mbrazurbh@pagesperso-orange.fr,388-119-3623
415,Gertrude Beswell,gbeswellbi@cnet.com,204-217-4696
416,Mommy Kirkup,mkirkupbj@altervista.org,838-934-4884
417,Katrine Scamel,kscamelbk@tripadvisor.com,761-683-9990
418,Colas Gossage,cgossagebl@biglobe.ne.jp,351-451-4563
419,Benetta Gyves,bgyvesbm@meetup.com,
420,Joannes Hadgkiss,jhadgkissbn@1und1.de,395-342-1641
421,Allin Rhelton,arheltonbo@w3.org,508-602-4977
422,Jenilee Trembath,jtrembathbp@instagram.com,379-870-8038
423,Donal Ingerith,dingerithbq@surveymonkey.com,681-500-2446
424,Cathi Prewett,cprewettbr@dailymotion.com,943-293-8569
425,Darline Keyes,dkeyesbs@about.me,154-553-0641
426,Una Busswell,ubusswellbt@wired.com,274-545-6002
427,Collin Baume,cbaumebu@japanpost.jp,236-404-2083
428,Quint Tapply,qtapplybv@reverbnation.com,589-210-5620
429,Nancy Huby,nhubybw@abc.net.au,504-958-7297
430,Rasia Eastcott,reastcottbx@wikimedia.org,687-577-6246
431,Dalton O'Donnelly,dodonnellyby@cyberchimps.com,
432,Olga Carrane,ocarranebz@privacy.gov.au,202-110-7662
433,Judon Brand,jbrandc0@printfriendly.com,417-498-5145
434,,gbeharrellc1@irs.gov,460-407-0487
435,Nessie Redfearn,nredfearnc2@sohu.com,744-859-6846
436,,jbrownsworthc3@cmu.edu,765-828-0579
437,Jamima Kither,jkitherc4@mediafire.com,677-829-5318
438,Jenica Honnicott,jhonnicottc5@wunderground.com,126-899-5378
439,Millisent Harrop,mharropc6@usa.gov,965-674-0692
440,Harv Johanchon,hjohanchonc7@wikimedia.org,595-952-9473
441,Hoyt Henniger,hhennigerc8@163.com,598-137-2218
442,,lgabbottsc9@businessweek.com,267-719-8507
443,Vivienne Castellino,vcastellinoca@go.com,251-621-3664
444,Casandra Guerre,cguerrecb@cnn.com,532-948-6443
445,Anallise Bromidge,abromidgecc@tuttocitta.it,202-445-1782
446,Fransisco Helstrom,fhelstromcd@youtu.be,352-383-2646
447,Knox Harries,kharriesce@ucsd.edu,379-833-6926
448,Susanetta Eyckelbeck,seyckelbeckcf@mozilla.com,521-445-8966
449,Dana Epple,depplecg@go.com,648-716-8450
450,Ross Egerton,regertonch@prweb.com,858-278-0780
451,Lira Feetham,lfeethamci@bigcartel.com,714-998-4860
452,Delora Craig,dcraigcj@smugmug.com,514-504-5728
453,Barbie Bartaloni,bbartalonick@chronoengine.com,496-253-2532
454,Edmund Cutmere,ecutmerecl@skyrock.com,499-238-6167
455,Anders Selland,asellandcm@constantcontact.com,123-884-5516
456,Madelon Kenyon,mkenyoncn@google.com.au,597-910-7787
457,Martita Giovannacc@i,mgiovannaccico@flavors.me,494-219-3283
458,Franchot Bedinn,fbedinncp@purevolume.com,622-229-7122
459,Sax Hinsche,shinschecq@mayoclinic.com,605-170-2774
460,Valentia Boyford,vboyfordcr@reference.com,318-510-3366
461,Silvio Sillars,ssillarscs@unesco.org,753-827-5942
462,Gregoor Lobley,globleyct@imdb.com,199-462-7141
463,Abba Purslow,apurslowcu@washington.edu,511-581-2792
464,Birgit Monday,bmondaycv@mayoclinic.com,948-440-1415
465,Marsha Edward,medwardcw@buzzfeed.com,323-823-6033
466,Ferdie Carlesso,fcarlessocx@wikipedia.org,699-543-5836
467,Cher Gingles,cginglescy@mlb.com,601-906-5151
468,Gilberto Swaffer,gswaffercz@constantcontact.com,642-604-5107
469,Dickie Lillford,dlillfordd0@a8.net,993-324-0541
470,Ivett Klazenga,iklazengad1@wordpress.org,685-556-0632
471,Bing Mathieu,bmathieud2@123-reg.co.uk,123-129-8141
472,Shelton Mibourne,smibourned3@hc360.com,934-775-3408
473,Stacey Bletso,sbletsod4@infoseek.co.jp,260-108-4165
474,Braden Brammall,bbrammalld5@time.com,325-512-0919
475,Avie Orchart,aorchartd6@sakura.ne.jp,840-834-7706
476,Alphard Cornu,acornud7@indiegogo.com,723-511-9117
477,Philis Robrow,probrowd8@deliciousdays.com,788-567-8853
478,Lionel Lumm,llummd9@latimes.com,840-456-6762
479,,cspenceleyda@microsoft.com,395-698-0741
480,Othelia Lennon,olennondb@bizjournals.com,969-419-1309
481,Reider Huntall,rhuntalldc@g.co,500-742-2714
482,Bernhard Mordin,bmordindd@photobucket.com,696-627-9072
483,Kurtis Worssam,kworssamde@ehow.com,119-761-9239
484,Ambrosio Duddin,aduddindf@bloglovin.com,393-357-3490
485,Athena Nardoni,anardonidg@sfgate.com,633-438-2677
486,Susi Cortese,scortesedh@xing.com,525-476-0505
487,Cort Van den Velden,cvandi@who.int,550-953-3007
488,Korrie Brazelton,kbrazeltondj@list-manage.com,774-759-3351
489,Shaylyn Channer,schannerdk@youtube.com,937-743-9977
490,Amitie Furmston,afurmstondl@fotki.com,993-739-3982
491,Cary Couves,ccouvesdm@purevolume.com,304-202-5984
492,Simeon Firks,sfirksdn@amazon.com,996-378-6608
493,Gratia Pledger,gpledgerdo@sciencedaily.com,380-105-3825
494,Mechelle Pooke,mpookedp@domainmarket.com,827-599-5764
495,Kenna Gemeau,kgemeaudq@illinois.edu,387-647-7556
496,Gerri Castelain,gcastelaindr@yahoo.co.jp,
497,Jerad Holbury,jholburyds@examiner.com,499-667-4197
498,Oliy Nono,ononodt@free.fr,104-665-3966
499,,afullagerdu@bravesites.com,710-588-5422
500,Scarlet Bowering,sboweringdv@ted.com,907-104-5004
501,Kakalina Flavelle,kflavelledw@mysql.com,996-547-8322
502,Lennie Fowls,lfowlsdx@meetup.com,172-788-1207
503,Elicia Dmych,edmychdy@sphinn.com,919-103-5951
504,Sally Stratiff,sstratiffdz@icio.us,662-842-1475
505,Brandise Porker,bporkere0@walmart.com,
506,Dal Posnette,dposnettee1@example.com,512-967-6102
507,Hobey Rothon,hrothone2@flickr.com,173-102-1108
508,Astrid Foulkes,afoulkese3@homestead.com,314-766-0127
509,Lawrence Zecchinelli,lzecchinellie4@wix.com,435-481-2338
510,Kyrstin Rowly,krowlye5@feedburner.com,415-525-7374
511,Ula Loughton,uloughtone6@irs.gov,244-318-6354
512,Sutton Lipp,slippe7@wiley.com,828-627-8851
513,Zelig Ruste,zrustee8@google.de,
514,Rock Kynton,rkyntone9@tiny.cc,267-394-7512
515,Renard Osanne,rosanneea@amazon.de,545-462-0583
516,Audrye Bewsy,abewsyeb@digg.com,904-629-6214
517,Elberta Chieco,echiecoec@surveymonkey.com,241-776-6528
518,Marsha Forsdike,mforsdikeed@naver.com,588-223-9957
519,Milissent Chell,mchellee@booking.com,659-994-8889
520,Emmy Shanklin,eshanklinef@spotify.com,693-221-1334
521,Leupold Droghan,ldroghaneg@weather.com,625-144-0591
522,Roxane McFarland,rmcfarlandeh@ning.com,284-904-2336
523,Asia Van Arsdall,avanei@opera.com,470-284-8481
524,Brandea Fowle,bfowleej@naver.com,458-707-3734
525,Carolee Nana,cnanaek@dion.ne.jp,449-120-8929
526,Hortense Rawet,hrawetel@quantcast.com,343-661-6282
527,Romeo Gronw,rgronwem@walmart.com,465-747-5983
528,Buiron Chardin,bchardinen@ted.com,704-343-0104
529,Tomas Maciaszczyk,tmaciaszczykeo@uiuc.edu,397-408-7032
530,Beale Goalby,bgoalbyep@reverbnation.com,997-401-2725
531,Blisse Kelbie,bkelbieeq@geocities.com,678-852-1669
532,Anderea McTague,amctagueer@technorati.com,814-566-6497
533,Homerus Weatherhead,hweatherheades@businesswire.com,974-116-5680
534,Pansy Baggaley,pbaggaleyet@house.gov,351-715-8040
535,Jacklin Scanlin,jscanlineu@jalbum.net,284-109-8825
536,Zena Barta,zbartaev@un.org,587-256-6480
537,Barbe Spybey,bspybeyew@seesaa.net,417-627-5698
538,Aubrette Peacey,apeaceyex@w3.org,219-344-8802
539,Dory Ewens,dewensey@ocn.ne.jp,208-538-9212
540,Page Woolager,pwoolagerez@nsw.gov.au,118-216-5541
541,Grant Agglio,gaggliof0@fastcompany.com,450-767-3990
542,Neil Hekkert,nhekkertf1@redcross.org,700-342-3182
543,Carree Hackett,chackettf2@utexas.edu,119-744-1926
544,Gothart Kyneton,gkynetonf3@nymag.com,395-650-1058
545,Vachel Kinsella,vkinsellaf4@over-blog.com,990-457-8665
546,Serene McDougle,smcdouglef5@altervista.org,261-307-7711
547,Ave Easen,aeasenf6@umich.edu,
548,,mwhitechurchf7@ovh.net,635-930-8678
549,Alden Sueter,asueterf8@smugmug.com,151-919-7627
550,Vonnie Allsup,vallsupf9@dagondesign.com,145-463-3894
551,Egan Hallbord,ehallbordfa@newsvine.com,445-375-4683
552,Kin Ardling,kardlingfb@plala.or.jp,262-420-7783
553,Sanford Lyver,slyverfc@hhs.gov,714-148-4552
554,Dunc Altham,dalthamfd@angelfire.com,894-490-6714
555,Waring Maclean,wmacleanfe@hostgator.com,729-280-7435
556,Halsy Pandey,hpandeyff@xrea.com,548-811-7225
557,Kellia Bilfoot,kbilfootfg@mac.com,312-192-6435
558,Matteo Brearley,mbrearleyfh@aol.com,997-100-1083
559,Kinsley Krugmann,kkrugmannfi@seesaa.net,
560,Sada Kupka,skupkafj@google.com.br,873-280-7165
561,Gray Poole,gpoolefk@meetup.com,214-576-6891
562,Bertine Yoakley,byoakleyfl@bloomberg.com,703-195-0940
563,Marabel Sugar,msugarfm@cam.ac.uk,639-751-3998
564,,jglackenfn@wikispaces.com,472-177-8151
565,Baryram Moreman,bmoremanfo@4shared.com,489-115-9864
566,Kylie Benda,kbendafp@themeforest.net,370-772-5751
567,Shandee Brierley,sbrierleyfq@ovh.net,813-735-0847
568,Allys Levine,alevinefr@ibm.com,425-508-8934
569,Daphna Atrill,datrillfs@seattletimes.com,670-332-2602
570,Claudius Defty,cdeftyft@icq.com,678-443-9807
571,Marty Craigs,mcraigsfu@flickr.com,785-848-6866
572,Danita Minucci,dminuccifv@buzzfeed.com,922-843-2093
573,Harcourt Matteris,hmatterisfw@jalbum.net,479-914-4989
574,,rparadesfx@arstechnica.com,612-434-7509
575,Lorita MacDowall,lmacdowallfy@geocities.com,743-451-9219
576,Vin Dulinty,vdulintyfz@artisteer.com,880-967-5763
577,Isabelita Hamsher,ihamsherg0@jugem.jp,633-195-3057
578,Hall Rodinger,hrodingerg1@barnesandnoble.com,
579,,pfegang2@123-reg.co.uk,755-239-7957
580,Parsifal Signore,psignoreg3@prnewswire.com,296-543-1299
581,Wandie Philler,wphillerg4@amazon.co.jp,573-708-6050
582,Webster Lawee,wlaweeg5@privacy.gov.au,361-304-3378
583,Audie Cubley,acubleyg6@goo.ne.jp,864-435-7604
584,Aigneis Chadburn,achadburng7@elegantthemes.com,347-509-8210
585,Boycie Chate,bchateg8@house.gov,981-164-0077
586,Belle Piburn,bpiburng9@earthlink.net,531-617-9710
587,Cordie Gibb,cgibbga@naver.com,252-452-3034
588,Ashla Gasnell,agasnellgb@nationalgeographic.com,
589,Randall Ruff,rruffgc@cdc.gov,496-508-0442
590,Matthew Kybert,mkybertgd@lycos.com,478-321-9390
591,Gizela Needham,gneedhamge@omniture.com,175-816-1728
592,Frans Cranney,fcranneygf@dion.ne.jp,108-518-4419
593,Damara Thirlwell,dthirlwellgg@seesaa.net,135-580-1585
594,Mannie Joynt,mjoyntgh@ft.com,
595,Orran Proudler,oproudlergi@joomla.org,111-798-3930
596,Fanechka Oattes,foattesgj@whitehouse.gov,856-879-3759
597,Dacia Surby,dsurbygk@nydailynews.com,760-879-5703
598,Henrie Hurrell,hhurrellgl@loc.gov,674-755-8997
599,Sydel Jeffels,sjeffelsgm@vinaora.com,857-561-5446
600,Deborah Giacopini,dgiacopinign@goo.ne.jp,161-105-8149
601,Susana Peasgood,speasgoodgo@paypal.com,553-881-3612
602,Matt Alves,malvesgp@cam.ac.uk,933-347-7051
603,Hilario Gookey,hgookeygq@bloomberg.com,572-311-0178
604,Bucky Dodamead,bdodameadgr@soup.io,
605,Auberon Conklin,aconklings@webnode.com,231-964-7055
606,Cale Risbridge,crisbridgegt@dyndns.org,496-578-4008
607,Atalanta Dael,adaelgu@oracle.com,157-410-1369
608,Elmo Kelmere,ekelmeregv@slideshare.net,637-677-7953
609,Marcella Elwell,melwellgw@dot.gov,496-731-4677
610,Morgun Norwell,mnorwellgx@thetimes.co.uk,440-453-3860
611,Devi Dorman,ddormangy@wikispaces.com,308-309-6497
612,,kslaughtergz@wikipedia.org,338-561-0050
613,Mara Gainfort,mgainforth0@go.com,370-316-2861
614,,ewalentah1@simplemachines.org,378-920-7959
615,Shepard Raspin,sraspinh2@uiuc.edu,725-992-8443
616,Broddie Saller,bsallerh3@gmpg.org,399-462-2966
617,Roselle Dufaire,rdufaireh4@tripadvisor.com,999-559-2432
618,Neysa Flett,nfletth5@a8.net,400-443-3683
619,Dora Lacky,dlackyh6@pen.io,737-397-6858
620,Tillie Patching,tpatchingh7@is.gd,531-830-5853
621,Ned Newland,nnewlandh8@g.co,388-199-6809
622,Roxane Runsey,rrunseyh9@xinhuanet.com,159-634-3349
623,Georgiana Daunter,gdaunterha@list-manage.com,993-313-2305
624,Jamal Bradder,jbradderhb@over-blog.com,652-261-5996
625,Elvina Elby,eelbyhc@prweb.com,951-913-6314
626,Concettina Haug,chaughd@wikia.com,343-494-0741
627,Mikael Gajownik,mgajownikhe@chicagotribune.com,727-329-9967
628,Maryanna Rosenblath,mrosenblathhf@geocities.jp,530-269-2509
629,Emilee Harrod,eharrodhg@telegraph.co.uk,843-658-8598
630,Colly Aleksich,caleksichhh@mit.edu,845-873-3482
631,Kellia Treadaway,ktreadawayhi@dell.com,957-491-9690
632,Kellie Budgeon,kbudgeonhj@imdb.com,176-129-4002
633,Orin Elstob,oelstobhk@delicious.com,815-321-9244
634,Deeann Carah,dcarahhl@constantcontact.com,607-248-0790
635,Harriett Bubear,hbubearhm@shutterfly.com,961-120-7704
636,,smcduffhn@wikipedia.org,548-927-8175
637,Riki Chomicki,rchomickiho@yolasite.com,732-769-9078
638,Ursulina Dever,udeverhp@reddit.com,949-254-7516
639,Schuyler Frankling,sfranklinghq@plala.or.jp,
640,Burton Work,bworkhr@utexas.edu,670-211-6354
641,Colby Kavanagh,ckavanaghhs@squidoo.com,848-414-8397
642,Danny Baldock,dbaldockht@netlog.com,375-121-5649
643,Concordia Briance,cbriancehu@yandex.ru,656-185-0402
644,Fax Henniger,fhennigerhv@deviantart.com,953-264-2285
645,Kaia Blazewski,kblazewskihw@4shared.com,729-793-3390
646,Tracey Asbrey,tasbreyhx@t-online.de,635-387-6848
647,Orville Linskey,olinskeyhy@opera.com,306-339-6944
648,Corrie Dalman,cdalmanhz@twitpic.com,993-560-5092
649,Page Labarre,plabarrei0@baidu.com,427-664-3818
650,Miran Durrett,mdurretti1@surveymonkey.com,150-295-2408
651,Torry Golightly,tgolightlyi2@github.com,501-346-5622
652,Carie Roobottom,croobottomi3@goo.ne.jp,954-743-3381
653,Ross Quarles,rquarlesi4@networkadvertising.org,277-424-8956
654,Noble Erni,nernii5@163.com,859-261-8149
655,Clemmie Jaulmes,cjaulmesi6@buzzfeed.com,950-287-3063
656,Leila Quincey,lquinceyi7@amazon.com,798-795-7848
657,Melany Kirwan,mkirwani8@hugedomains.com,173-371-5652
658,Wynn Landor,wlandori9@i2i.jp,213-586-4572
659,Dennie Derisley,dderisleyia@cargocollective.com,702-893-9076
660,Duncan Stollmeyer,dstollmeyerib@craigslist.org,670-795-1181
661,Fawne Stoop,fstoopic@statcounter.com,287-941-5072
662,Weider Oxbrow,woxbrowid@goodreads.com,712-747-9325
663,Francyne Sandbrook,fsandbrookie@fotki.com,208-931-8910
664,Aurthur Grazier,agrazierif@quantcast.com,302-681-4381
665,Gladys Phorsby,gphorsbyig@histats.com,229-198-0343
666,Annecorinne Ralton,araltonih@example.com,408-368-2289
667,Elihu Shelliday,eshellidayii@princeton.edu,164-964-3008
668,Thia Jeandin,tjeandinij@goodreads.com,505-240-9366
669,,rlindenstraussik@xrea.com,410-427-4241
670,Gladi Lewton,glewtonil@engadget.com,194-435-4830
671,Beth Speek,bspeekim@mayoclinic.com,417-456-1689
672,Colene Rosenblum,crosenblumin@jugem.jp,868-123-3916
673,Jacenta Barttrum,jbarttrumio@whitehouse.gov,467-263-4823
674,Westley Wyvill,wwyvillip@springer.com,752-326-3890
675,Erin Winfindale,ewinfindaleiq@sina.com.cn,966-204-4463
676,Chaddy Pedroli,cpedroliir@google.co.uk,585-788-1278
677,Hunter Littleover,hlittleoveris@mlb.com,294-335-7958
678,Rafa Rishman,rrishmanit@photobucket.com,141-930-8222
679,Almeda Wheeliker,awheelikeriu@drupal.org,339-494-0887
680,Ilsa Cultcheth,icultchethiv@paypal.com,967-276-8445
681,Carson Werny,cwernyiw@i2i.jp,752-122-9432
682,Gweneth Beardsall,gbeardsallix@washingtonpost.com,214-867-5184
683,Brynna Podbury,bpodburyiy@storify.com,697-759-9850
684,Libby Sambles,lsamblesiz@cbsnews.com,577-721-2542
685,Gabi Grellier,ggrellierj0@dyndns.org,923-726-6624
686,Aridatha Primarolo,aprimaroloj1@apple.com,206-317-8700
687,Galven Exeter,gexeterj2@yahoo.com,661-198-3728
688,Rik Lampett,rlampettj3@smugmug.com,848-963-1430
689,Laurice Bowgen,lbowgenj4@hp.com,362-976-4745
690,Kristy Sharpling,ksharplingj5@meetup.com,967-341-6420
691,Fanny Tym,ftymj6@sciencedirect.com,580-828-2133
692,Crichton Britt,cbrittj7@about.me,984-262-2548
693,Lucina Reiglar,lreiglarj8@mozilla.com,335-990-0669
694,Blondelle Barthot,bbarthotj9@discovery.com,934-227-6056
695,Fee Meaders,fmeadersja@nasa.gov,935-926-4691
696,Carmencita Bannister,cbannisterjb@desdev.cn,404-952-7939
697,Cyb Gostage,cgostagejc@google.de,
698,Granny Walworche,gwalworchejd@twitter.com,
699,Lin Wiskar,lwiskarje@eventbrite.com,399-160-8709
700,Hasheem Chiese,hchiesejf@squidoo.com,587-430-5881
701,Netti Goane,ngoanejg@foxnews.com,475-699-0075
702,Thoma Elks,telksjh@addthis.com,
703,Silvain Norcross,snorcrossji@livejournal.com,
704,Lorette Gartenfeld,lgartenfeldjj@irs.gov,133-945-0122
705,Silvia Bare,sbarejk@weibo.com,281-873-8827
706,Rubin Leys,rleysjl@japanpost.jp,469-170-6101
707,Dredi Lilleyman,dlilleymanjm@ted.com,436-234-0081
708,Phyllis Savatier,psavatierjn@deviantart.com,930-471-1241
709,Francklyn Gorvin,fgorvinjo@ted.com,471-420-2038
710,Traci Urvoy,turvoyjp@ca.gov,
711,Charmane Vanyashkin,cvanyashkinjq@a8.net,842-136-2878
712,Jessalyn Steynor,jsteynorjr@reuters.com,590-950-2471
713,Rosabelle Jurczak,rjurczakjs@howstuffworks.com,307-251-6205
714,Lucy Munro,lmunrojt@ucoz.com,144-681-3553
715,Cirstoforo Clemens,cclemensju@twitter.com,556-928-9249
716,Sadella Phetteplace,sphetteplacejv@example.com,722-259-4779
717,Wallas Hamson,whamsonjw@bbc.co.uk,388-308-9152
718,Halli Catonne,hcatonnejx@livejournal.com,670-979-6480
719,Jolynn Kineton,jkinetonjy@163.com,684-563-7837
720,Blair Bulfoy,bbulfoyjz@state.gov,988-216-7005
721,Loella Rebert,lrebertk0@google.co.uk,763-257-5686
722,,tmacteaguek1@nhs.uk,976-746-1928
723,Letizia Klimkin,lklimkink2@networkadvertising.org,193-293-9397
724,Fanchette Linck,flinckk3@cnn.com,519-840-7112
725,Darla Kingston,dkingstonk4@telegraph.co.uk,454-746-1069
726,Yasmin Covert,ycovertk5@ow.ly,623-272-2007
727,Giacinta Andrassy,gandrassyk6@myspace.com,230-728-4749
728,Estrellita De Gregoli,edek7@cafepress.com,687-133-3836
729,Sasha Faraday,sfaradayk8@unc.edu,480-703-3510
730,Costa Elgar,celgark9@cnbc.com,318-485-0919
731,Edwina Penn,epennka@storify.com,377-819-4308
732,Kiah Twining,ktwiningkb@printfriendly.com,593-133-0836
733,Verina Fleming,vflemingkc@ucla.edu,234-173-5902
734,Darci Billingsley,dbillingsleykd@wix.com,920-716-6381
735,Brandi Bosley,bbosleyke@slashdot.org,545-334-7844
736,Leupold Titterton,ltittertonkf@wired.com,
737,Neysa Kaasman,nkaasmankg@aol.com,345-215-1503
738,Annissa Formby,aformbykh@multiply.com,409-521-9032
739,Clare Driussi,cdriussiki@statcounter.com,931-221-9333
740,Robby Faulks,rfaulkskj@spotify.com,638-794-6555
741,Truman Hause,thausekk@ustream.tv,730-244-1067
742,Oliver Mashro,omashrokl@flickr.com,799-108-8272
743,Herve Le Quesne,hlekm@infoseek.co.jp,562-617-3086
744,Gay Botham,gbothamkn@prnewswire.com,386-655-1293
745,Sascha Doumic,sdoumicko@google.com.hk,424-863-1880
746,Blakelee Danjoie,bdanjoiekp@cmu.edu,752-513-6787
747,Gunner Kroch,gkrochkq@google.co.jp,940-173-4103
748,Maryellen Shemming,mshemmingkr@spiegel.de,985-943-2631
749,Jillie Bentick,jbentickks@nydailynews.com,368-311-2772
750,Devina Macauley,dmacauleykt@addthis.com,537-222-1131
751,Jo Treher,jtreherku@craigslist.org,492-182-0914
752,Gamaliel Extance,gextancekv@dell.com,
753,Flin Taphouse,ftaphousekw@mozilla.com,162-998-9042
754,Blair Thomerson,bthomersonkx@adobe.com,340-597-7179
755,Laurel Toner,ltonerky@edublogs.org,912-188-6485
756,Kassey Salthouse,ksalthousekz@nifty.com,800-758-5504
757,Regine Klampk,rklampkl0@shop-pro.jp,218-126-6122
758,Ali Ormerod,aormerodl1@chicagotribune.com,558-180-3907
759,Carry Forton,cfortonl2@digg.com,636-211-0019
760,Roarke Sefton,rseftonl3@addtoany.com,502-553-0658
761,Conway Jakucewicz,cjakucewiczl4@ebay.co.uk,849-719-1880
762,Cyndia Wilder,cwilderl5@about.com,553-768-2421
763,Stillmann Amps,sampsl6@indiegogo.com,539-592-9377
764,Baird Grishechkin,bgrishechkinl7@merriam-webster.com,523-869-5383
765,Dyane Cranmer,dcranmerl8@wsj.com,237-250-2891
766,Lorne Dollard,ldollardl9@sphinn.com,741-443-2275
767,Verile Cavell,vcavellla@icq.com,437-440-9373
768,Derick Wallett,dwallettlb@redcross.org,421-851-7232
769,Susie Caldayrou,scaldayroulc@cloudflare.com,147-655-2162
770,Dale Pele,dpeleld@mapquest.com,915-246-0254
771,Gretta Quadling,gquadlingle@icio.us,303-765-8890
772,Seline Costell,scostelllf@bbb.org,578-632-3539
773,Bob Urwin,burwinlg@telegraph.co.uk,844-259-6271
774,Andie Tellenbroker,atellenbrokerlh@opensource.org,488-657-5253
775,Barclay Borborough,bborboroughli@weibo.com,703-182-0484
776,Marita Shepland,msheplandlj@utexas.edu,894-574-3232
777,Janessa De Cristoforo,jdelk@unc.edu,530-747-0978
778,Sari Ilieve,silievell@acquirethisname.com,346-743-6872
779,Hamilton Applewhite,happlewhitelm@jalbum.net,167-681-5838
780,Pattie Iacabucci,piacabucciln@acquirethisname.com,477-897-1039
781,Walsh Gregory,wgregorylo@answers.com,475-391-7286
782,Gusta Scamadine,gscamadinelp@shinystat.com,846-476-0366
783,Delphinia Stigger,dstiggerlq@icio.us,758-827-6682
784,Evita Giacomini,egiacominilr@craigslist.org,262-991-5080
785,Leeann O' Quirk,lols@hao123.com,645-981-0012
786,Renard Harteley,rharteleylt@mysql.com,832-704-2182
787,Dory Durning,ddurninglu@cbc.ca,951-455-5211
788,Archibald Turford,aturfordlv@mapquest.com,724-602-6888
789,Etheline Tremblot,etremblotlw@sbwire.com,722-838-5159
790,Codie Eck,cecklx@biblegateway.com,255-399-7525
791,Anastasia Kleisel,akleiselly@sourceforge.net,716-682-4320
792,Filip Moorton,fmoortonlz@topsy.com,
793,Antonetta Fewless,afewlessm0@independent.co.uk,621-122-3027
794,Norry McCracken,nmccrackenm1@discuz.net,
795,Corilla Bergin,cberginm2@arizona.edu,157-439-7113
796,,wcheasmanm3@arizona.edu,910-212-3323
797,Clarie Beavan,cbeavanm4@tmall.com,734-977-4552
798,Yetta Reace,yreacem5@illinois.edu,627-199-5273
799,Briano Lillegard,blillegardm6@nbcnews.com,604-238-6676
800,Elna Giovanetti,egiovanettim7@wikimedia.org,528-178-8577
801,Barbaraanne Marco,bmarcom8@dmoz.org,813-626-9205
802,Jodie Janusik,jjanusikm9@nymag.com,727-627-7315
803,Bel Darrow,bdarrowma@shinystat.com,858-625-8124
804,Ellette Scawn,escawnmb@dyndns.org,184-861-9861
805,,lmacaleesemc@deliciousdays.com,392-285-7032
806,Opal Leimster,oleimstermd@dedecms.com,199-350-7426
807,Cleopatra Sliman,cslimanme@ucla.edu,281-677-3407
808,Eric Ilchenko,eilchenkomf@wikia.com,915-954-0522
809,Stacy Dabrowski,sdabrowskimg@vimeo.com,631-857-4588
810,Lukas Danilovic,ldanilovicmh@businessweek.com,296-245-0558
811,Siobhan Hyder,shydermi@addtoany.com,782-317-5270
812,Desmund Scogings,dscogingsmj@uol.com.br,595-451-7236
813,Gearard Brito,gbritomk@si.edu,668-107-0503
814,Carolan Eustes,ceustesml@purevolume.com,958-607-5603
815,,afitzhenrymm@bizjournals.com,682-179-7238
816,Marysa Jambrozek,mjambrozekmn@drupal.org,488-232-2371
817,Dionne Whorton,dwhortonmo@bbb.org,146-305-6954
818,Michaeline Nodin,mnodinmp@odnoklassniki.ru,497-567-1189
819,Gweneth Levitt,glevittmq@tripod.com,848-677-2169
820,Bea Lenglet,blengletmr@answers.com,697-455-4272
821,Howie Pyrton,hpyrtonms@noaa.gov,608-562-3123
822,Fidelity Gisbye,fgisbyemt@huffingtonpost.com,173-299-5900
823,Baily Brazelton,bbrazeltonmu@omniture.com,262-946-2753
824,Suzette Wheater,swheatermv@opensource.org,633-641-9486
825,Micheil Streight,mstreightmw@scribd.com,
826,Drucy Duckhouse,dduckhousemx@nytimes.com,187-654-7950
827,Emmy Kewish,ekewishmy@newsvine.com,237-402-8459
828,Martita Ballston,mballstonmz@ask.com,309-492-5150
829,Hershel De Malchar,hden0@phpbb.com,533-363-3580
830,Angel Mcasparan,amcasparann1@4shared.com,526-276-6093
831,,jfeldheimn2@nature.com,912-519-0167
832,Tyson Fante,tfanten3@miitbeian.gov.cn,
833,Pip Reap,preapn4@ebay.co.uk,
834,Silvano Cowderay,scowderayn5@cpanel.net,151-758-0540
835,Denyse Collins,dcollinsn6@fema.gov,730-688-3013
836,Arlen Fewlass,afewlassn7@ed.gov,975-855-0739
837,Patric Dightham,pdighthamn8@amazon.com,175-927-7890
838,Melinde Lillgard,mlillgardn9@yelp.com,658-567-1658
839,Wallace Bhar,wbharna@nps.gov,367-108-1243
840,Stillmann Howship,showshipnb@squidoo.com,
841,,strymmenc@smh.com.au,712-849-4895
842,Jan Connelly,jconnellynd@example.com,792-553-0106
843,Hewett Speake,hspeakene@admin.ch,
844,,cwoontonnf@unc.edu,991-263-2903
845,Mannie Vinall,mvinallng@theguardian.com,726-763-8544
846,,cmeadusnh@gnu.org,645-244-7526
847,Rickey Broader,rbroaderni@twitter.com,199-866-2767
848,Viv Hubber,vhubbernj@virginia.edu,463-355-4005
849,Carena Stanton,cstantonnk@bing.com,590-865-5455
850,Allistir Veltmann,aveltmannnl@nbcnews.com,463-323-2885
851,Anabel Nibloe,anibloenm@wikipedia.org,757-618-4036
852,Shaun Handlin,shandlinnn@kickstarter.com,790-860-4878
853,Jay Stilgoe,jstilgoeno@ameblo.jp,556-206-7305
854,Tibold Corking,tcorkingnp@ameblo.jp,973-764-6985
855,Caro Gillyatt,cgillyattnq@google.fr,349-842-0398
856,Anthia Morde,amordenr@cdbaby.com,407-318-6839
857,Palmer Sawney,psawneyns@dailymotion.com,713-447-0019
858,Westley Geraldi,wgeraldint@wordpress.com,197-176-0493
859,Kylen Bortolutti,kbortoluttinu@springer.com,174-806-7253
860,Shaylynn Curtis,scurtisnv@mail.ru,128-968-3904
861,Pascal Estcourt,pestcourtnw@nbcnews.com,848-462-2921
862,Aldridge Po,aponx@yahoo.com,662-879-5731
863,Claudia Stanistreet,cstanistreetny@youtu.be,383-233-0152
864,Vivien Butchard,vbutchardnz@paypal.com,700-574-4020
865,Pauletta Coenraets,pcoenraetso0@bloomberg.com,310-550-0906
866,Matthias Dive,mdiveo1@usnews.com,843-603-3503
867,Phebe Hawkwood,phawkwoodo2@go.com,370-406-7462
868,Demetria Gronow,dgronowo3@imdb.com,385-594-5247
869,Dahlia Molyneux,dmolyneuxo4@smugmug.com,219-536-8937
870,Bond Leather,bleathero5@goodreads.com,494-624-4452
871,Anneliese Crocetti,acrocettio6@ask.com,145-427-4145
872,Emlynn Alvarado,ealvaradoo7@telegraph.co.uk,427-161-0004
873,Rochelle McCusker,rmccuskero8@time.com,942-820-1410
874,Jammie Cuffin,jcuffino9@go.com,736-304-5812
875,Merrie Charles,mcharlesoa@histats.com,641-801-5482
876,,cmcgivenob@networksolutions.com,515-790-2325
877,Nathan Boocock,nboocockoc@uiuc.edu,448-545-6018
878,Arte Fley,afleyod@drupal.org,855-684-4472
879,Solomon Drescher,sdrescheroe@blinklist.com,515-121-4122
880,Brigham Scurman,bscurmanof@desdev.cn,704-611-1109
881,Robert Fippe,rfippeog@ftc.gov,849-441-1608
882,Clarinda Adelberg,cadelbergoh@creativecommons.org,640-475-9878
883,Carma Klewi,cklewioi@unicef.org,392-274-1303
884,Cammy Guirau,cguirauoj@cmu.edu,765-430-1079
885,Myrna Barroux,mbarrouxok@upenn.edu,
886,Tammi Minter,tminterol@pcworld.com,195-514-1650
887,Briana Novotni,bnovotniom@hexun.com,372-851-3180
888,,nluigion@opensource.org,476-805-9319
889,Carlita Corston,ccorstonoo@t-online.de,338-466-1050
890,,cshirilop@deliciousdays.com,433-711-2660
891,Lianne Dreghorn,ldreghornoq@theglobeandmail.com,930-974-1001
892,Corty Buttel,cbuttelor@w3.org,490-146-1699
893,Holden Tomaello,htomaelloos@eventbrite.com,756-147-7605
894,Karim Winman,kwinmanot@disqus.com,823-378-8949
895,Harriett Gleave,hgleaveou@oakley.com,711-847-1660
896,Bradley Reade,breadeov@flavors.me,525-673-7306
897,Evangelia Keane,ekeaneow@mashable.com,566-687-4761
898,Lorens Mangon,lmangonox@sohu.com,993-682-1792
899,Galina Windmill,gwindmilloy@mit.edu,366-912-7992
900,Gina Rohfsen,grohfsenoz@pen.io,824-391-5109
901,Gillan Karim,gkarimp0@loc.gov,404-523-7253
902,Lazar Llorens,lllorensp1@ucoz.com,442-881-5280
903,Debora Ditter,dditterp2@nyu.edu,200-947-4650
904,Derron Westcar,dwestcarp3@intel.com,842-672-4835
905,Imojean Burghill,iburghillp4@etsy.com,395-204-5626
906,Wally Roll,wrollp5@tiny.cc,823-189-5011
907,Vivyan Wapple,vwapplep6@about.me,440-862-2956
908,Merwyn Bettington,mbettingtonp7@cisco.com,524-882-2047
909,Drugi Wybron,dwybronp8@weebly.com,736-605-8883
910,Zacherie Nussgen,znussgenp9@si.edu,755-651-9772
911,,asimisterpa@tinypic.com,489-217-0991
912,Ninetta Meijer,nmeijerpb@github.com,753-317-0559
913,Kaiser Morsom,kmorsompc@illinois.edu,743-287-2804
914,Noah Digle,ndiglepd@time.com,661-421-0101
915,Sammie Southward,ssouthwardpe@parallels.com,140-910-1225
916,Melissa Cockley,mcockleypf@oaic.gov.au,172-965-4896
917,Merrily Huebner,mhuebnerpg@pcworld.com,269-666-9555
918,Tisha Beckey,tbeckeyph@4shared.com,339-889-5826
919,Sophia Gaddie,sgaddiepi@ycombinator.com,454-125-6766
920,Audi Baleine,abaleinepj@salon.com,162-300-2473
921,Goldina Canning,gcanningpk@adobe.com,161-893-6618
922,Miran Snow,msnowpl@cnbc.com,
923,Rick Tapin,rtapinpm@cornell.edu,215-361-0546
924,Mareah Braz,mbrazpn@cocolog-nifty.com,150-407-3995
925,Maryellen Silberschatz,msilberschatzpo@mac.com,292-218-9255
926,Brenden Bosch,bboschpp@jugem.jp,783-475-4807
927,Gaynor Hatwell,ghatwellpq@macromedia.com,373-117-2049
928,Quinta Tonner,qtonnerpr@bing.com,669-979-4868
929,Chuck Cumes,ccumesps@csmonitor.com,459-431-3364
930,Adolph Cregg,acreggpt@google.co.uk,741-917-9874
931,Grace Nanuccioi,gnanuccioipu@meetup.com,244-410-3083
932,Nadiya Gidley,ngidleypv@amazon.co.jp,648-111-3450
933,Sylas Tampen,stampenpw@over-blog.com,841-230-6538
934,Kalvin Hercock,khercockpx@g.co,403-394-1786
935,Parrnell Engledow,pengledowpy@mac.com,407-997-6281
936,Thia Morin,tmorinpz@auda.org.au,451-588-5737
937,,ibootlandq0@sina.com.cn,193-105-5396
938,Deedee Grocutt,dgrocuttq1@diigo.com,722-733-1728
939,,alelandeq2@mapy.cz,778-975-3532
940,Shaun Zoephel,szoephelq3@umn.edu,142-530-2943
941,Cathie Davson,cdavsonq4@addthis.com,679-904-7939
942,Gib Gravy,ggravyq5@bravesites.com,785-254-7233
943,Charlean Marcussen,cmarcussenq6@who.int,790-678-0797
944,Laurie Garroway,lgarrowayq7@goodreads.com,394-370-8646
945,Patric Cleveley,pcleveleyq8@youku.com,919-367-8238
946,Raychel Bodman,rbodmanq9@lulu.com,208-980-3393
947,Witty Pipes,wpipesqa@rambler.ru,
948,Dorey Oels,doelsqb@amazon.co.uk,374-172-0995
949,Kelcey Coppen,kcoppenqc@yellowbook.com,709-706-4005
950,Waylen Doerffer,wdoerfferqd@mit.edu,839-817-9936
951,Ad Gerardeaux,agerardeauxqe@wired.com,
952,Teodoor Petken,tpetkenqf@booking.com,481-650-2951
953,Byron Slocombe,bslocombeqg@bizjournals.com,145-687-3385
954,Boothe Stidever,bstideverqh@upenn.edu,268-994-4470
955,Laurel Gatherer,lgathererqi@ibm.com,
956,,btapperqj@cafepress.com,400-831-5146
957,Wynn Catteroll,wcatterollqk@fda.gov,490-959-6720
958,Orsola Baber,obaberql@wikia.com,770-630-0977
959,Alvin Walkington,awalkingtonqm@imageshack.us,673-899-6022
960,Evelina Wickett,ewickettqn@deviantart.com,916-740-8028
961,Cynthea Heathwood,cheathwoodqo@nps.gov,113-247-1155
962,Sofia Cawkill,scawkillqp@xrea.com,178-719-7227
963,,hvatcherqq@mit.edu,401-917-0113
964,Maggy Elsip,melsipqr@pcworld.com,859-866-8807
965,Syman Gilkison,sgilkisonqs@mediafire.com,
966,Amabel Nussen,anussenqt@sakura.ne.jp,430-422-9669
967,Bartolomeo Espinel,bespinelqu@wordpress.org,617-429-6893
968,Joshia Bineham,jbinehamqv@bing.com,154-151-6623
969,Albertine Sissot,asissotqw@ibm.com,667-405-2413
970,Edan MacIan,emacianqx@harvard.edu,946-861-7909
971,Linzy Kordt,lkordtqy@discovery.com,967-705-7279
972,Prentice Itzak,pitzakqz@amazon.com,761-304-1781
973,Matti MacAllaster,mmacallasterr0@ycombinator.com,968-405-8404
974,Fawn Schulkins,fschulkinsr1@google.nl,550-401-4083
975,Corbie McCaffery,cmccafferyr2@twitpic.com,916-376-0648
976,Merilyn Blaksland,mblakslandr3@pagesperso-orange.fr,470-887-7133
977,Kriste Ferriere,kferrierer4@vk.com,494-816-1650
978,Carolee Munden,cmundenr5@biblegateway.com,210-862-7867
979,Jesselyn Have,jhaver6@constantcontact.com,150-764-0818
980,Micheline Neylan,mneylanr7@nps.gov,465-807-4197
981,Louisa Ewebank,lewebankr8@google.co.jp,345-244-0263
982,Conny Moulding,cmouldingr9@smh.com.au,821-911-2864
983,Jessa Symper,jsymperra@admin.ch,991-214-2102
984,Annecorinne Peppett,apeppettrb@so-net.ne.jp,810-772-5301
985,,rspickettrc@ft.com,284-313-0325
986,Hollyanne Brind,hbrindrd@census.gov,462-735-5817
987,Matthew Roblou,mrobloure@ibm.com,
988,Genia Geertz,ggeertzrf@pen.io,173-917-3470
989,Letitia Kenforth,lkenforthrg@com.com,889-759-6859
990,Ellary Beevers,ebeeversrh@instagram.com,811-696-6184
991,Fidel Smeal,fsmealri@ezinearticles.com,157-856-2805
992,Sisile Maciaszczyk,smaciaszczykrj@issuu.com,603-483-0698
993,Clemmy Diment,cdimentrk@opensource.org,102-614-2988
994,Amelie Kennagh,akennaghrl@prweb.com,487-643-9921
995,Elspeth Lortzing,elortzingrm@cnn.com,473-443-0151
996,Barris Wickstead,bwicksteadrn@webs.com,807-764-3767
997,Garrott Stanger,gstangerro@amazon.co.uk,758-459-8571
998,Walker Malam,wmalamrp@senate.gov,432-579-9804
999,Noelani Bravington,nbravingtonrq@discuz.net,991-331-2818
1000,Damita Bacon,dbaconrr@free.fr,678-114-9653
